{
  "project_info": {
    "project_number": "327267933738",
    "firebase_url": "https://mybhamashah.firebaseio.com",
    "project_id": "mybhamashah",
    "storage_bucket": "mybhamashah.appspot.com"
  },
  "client": [
    {
      "client_info": {
        "mobilesdk_app_id": "1:327267933738:android:a5234c35457b099e",
        "android_client_info": {
          "package_name": "com.example.android.mybhamashah"
        }
      },
      "oauth_client": [
        {
          "client_id": "327267933738-nfla8b57lfllq2u7bjcb3pdpvirvvmtt.apps.googleusercontent.com",
          "client_type": 1,
          "android_info": {
            "package_name": "com.example.android.mybhamashah",
            "certificate_hash": "686e2fe93bcfa22c003d3b1c0a8c80dd3e072420"
          }
        },
        {
          "client_id": "327267933738-0nalqg7fsoq20bc8fjp50lmck6ar95vr.apps.googleusercontent.com",
          "client_type": 3
        }
      ],
      "api_key": [
        {
          "current_key": "AIzaSyAxHDVxcsuP0Ifh5jG-pDBkOU8gizJ96D4"
        }
      ],
      "services": {
        "analytics_service": {
          "status": 1
        },
        "appinvite_service": {
          "status": 2,
          "other_platform_oauth_client": [
            {
              "client_id": "327267933738-0nalqg7fsoq20bc8fjp50lmck6ar95vr.apps.googleusercontent.com",
              "client_type": 3
            }
          ]
        },
        "ads_service": {
          "status": 2
        }
      }
    }
  ],
  "configuration_version": "1"
}